"geo","TIME_PERIOD","age_leaving_home","edu_ED0-2","edu_ED3_4","edu_ED5-8","neet_rate","median_income","at_risk_pov_rate","housing_cost_overburden","gdp_per_capita","unemp_EU27_2020_FOR","unemp_NAT","unemp_NEU27_2020_FOR"
"AT",2004,25.2,34.6,56.6,8.8,10.3,16326,13,36.7,27399.5,9.8,8,21.1
"AT",2005,25.4,34.9,56.9,8.2,10.1,17194,12.6,27.4,28495.1,12.6,7.9,18.7
"AT",2006,25.4,36.2,56.7,7.1,9.6,17420,12.6,29.1,29734.7,8.4,7.2,17.3
"AT",2007,25.4,37.4,55.8,6.9,9.4,17810,12,31.4,30945.9,9.4,6.8,15.5
"AT",2008,25.5,36.5,56.4,7,8.9,18932,15.2,38.1,31853.9,9.4,6.1,13.6
"AT",2009,25.3,35.9,55.9,8.1,9.6,19472,14.5,41.3,30722.4,10.8,8.1,16.9
"AT",2010,25.5,36,55.8,8.2,9.1,19516,14.7,36.6,31605.6,11.2,7.2,14.8
"AT",2011,25.4,35.4,56.3,8.3,8.5,20425,14.5,36.9,32928.8,10.1,6.6,14.2
"AT",2012,25.4,34.8,56.2,9,8.2,20602,14.4,37,34099.8,9.8,7.3,14.7
"AT",2013,25.4,33.8,55.7,10.5,8.6,20904,14.4,39.1,34310.4,11.8,7.7,15.4
"AT",2014,25.4,29.3,47.6,23.1,9.3,21662,14.1,36.7,34668.5,9,8.1,16.1
"AT",2015,25.5,28.6,46.8,24.6,8.7,21981,13.9,34.8,35681.9,10.9,7.7,15.6
"AT",2016,25.3,28.9,45.8,25.3,8.9,23071,14.1,38.8,36385.1,9.3,8.1,18.8
"AT",2017,25.2,29.6,45.2,25.3,8.4,23361,14.4,40.3,37012.2,9.7,6.8,18
"AT",2018,25.6,29.3,45.1,25.7,8.4,23204,14.3,36.5,38419.4,8.1,6.4,15.8
"AT",2019,25.4,29.1,44.7,26.2,8.3,23687,13.3,40.8,39263.8,8.5,5.9,13
"AT",2020,25.5,29.6,44.8,25.5,9.5,23334,13.9,37.1,37385.6,12.6,7.1,17.1
"AT",2021,25.3,29.8,43.9,26.3,9.4,24450,14.7,31.1,40185.6,10.1,8,15
"AT",2022,25.3,30.3,43.6,26.2,9.1,25119,14.8,38.8,44569.5,9.8,6.6,13.3
"AT",2023,25.3,30.4,42.6,27,9.4,28690,14.9,32.9,46391.9,9.9,6.7,18
"AT",2024,25.3,30.3,42.1,27.6,9.2,29758,14.3,35.5,47527.9,9.8,6.9,15.9
"AT",2025,25.2,31.5,41.9,26.6,10.3,32385,15.9,32.1,49029.2,12.5,7.7,18.2
"BA",2021,29.6,26.4,61.1,12.5,25.1,NA,NA,NA,10961.5,33.7,30.6,24.4
"BA",2022,29.5,28.6,60.5,10.9,23.5,NA,NA,NA,12473.7,NA,NA,NA
"BA",2023,29.2,30,58.6,11.4,22.2,NA,NA,NA,13590.9,NA,NA,NA
"BA",2024,29.1,30.5,57,12.5,20.1,NA,NA,NA,14628.1,NA,NA,NA
"BA",2025,29.5,29.9,57.8,12.3,20,NA,NA,NA,NA,NA,NA,NA
"BE",2000,24.4,37.4,43.3,19.3,17.2,14446,13,NA,23085.2,15.3,9.9,33.6
"BE",2001,26.1,37.2,42,20.8,16.5,15477,13,NA,23836.8,NA,NA,NA
"BE",2002,26.1,37.2,41.8,21.1,16.4,NA,NA,NA,24827,18,10.4,33
"BE",2003,26.1,37.6,41.8,20.6,18,15295,15.4,NA,25401.6,13.6,12.4,42
"BE",2004,25.6,37.2,41.4,21.4,16.3,14713,14.3,49.9,26199.1,16.3,12.6,28.5
"BE",2005,25.4,36.6,42.3,21.1,14,15536,14.8,31.6,27176.8,18.7,14.1,31.6
"BE",2006,25.6,37,41.5,21.6,12.9,16178,14.7,42.1,28033,19.9,13.4,29.3
"BE",2007,25.5,36.8,42.1,21.1,13,16311,15.2,38.9,29054.7,13,13,25.6
"BE",2008,25.5,36.9,41.4,21.7,12,16743,14.7,44,29399,13.8,11.7,27.4
"BE",2009,25.4,35.6,41.8,22.6,12.8,17491,14.6,37.1,28616,14.1,13.9,31.7
"BE",2010,25.4,36.6,40.9,22.5,13,17331,14.6,37.9,30161.8,18.8,14.8,30.7
"BE",2011,25.4,36.2,41.6,22.2,13.8,18159,15.3,42.7,30735.5,15.5,12.4,26.8
"BE",2012,24.9,35.7,41.3,23.1,14.4,18396,15.3,44,31372.6,15.3,13,31.5
"BE",2013,24.9,35.2,41.2,23.6,14.9,19563,15.1,39,31661.5,17.5,15.1,32.1
"BE",2014,25.1,34.2,41.3,24.5,14.1,19591,15.5,42.6,32359.4,16.6,15.1,32.9
"BE",2015,25,34.3,41.5,24.2,14.4,19921,14.9,37.6,33127,15.4,14.7,27.2
"BE",2016,25.2,33.9,42,24.1,13,21335,15.5,38.7,33631,15.6,12.8,31.1
"BE",2017,23.4,35,39.4,25.6,12.6,20904,15.9,35.5,34519.6,11.8,12.5,27.5
"BE",2018,25.2,35.5,38.2,26.3,12,21353,16.4,36.5,35579.3,11.8,10,20.4
"BE",2019,25.2,35.2,38.5,26.3,11.8,22141,14.8,32.7,36884.8,8.7,9.1,20
"BE",2020,25.5,35,37.6,27.4,12,22391,14.1,33.9,35850.5,14.5,9.3,21.8
"BE",2021,26.2,31.3,40,28.7,10.1,22768,12.8,33.3,38699.2,11.9,11.4,20.6
"BE",2022,26.3,30.5,42.4,27.1,9.2,24159,13.1,31.6,42520.4,11.5,10.8,18.1
"BE",2023,26.4,33,41,26,9.6,25150,12.4,33.3,45367.3,12.7,11.1,15.7
"BE",2024,26.2,34.3,40.9,24.8,9.9,26361,11.4,33.3,46587.9,16.3,11.4,17.5
"BE",2025,26.2,33.6,40.9,25.5,9.8,26860,10.9,31.3,47676.3,14.6,12.4,16.6
"BG",2004,28.3,46.1,44.3,9.6,28.7,NA,NA,NA,7456.4,NA,NA,NA
"BG",2005,28.6,46.3,44.7,9,26.8,NA,NA,NA,8341.8,NA,NA,NA
"BG",2006,28.9,44.3,46.4,9.3,23.9,3200,18.4,49.4,8954.7,NA,NA,NA
"BG",2007,29.2,43.2,47.8,9.1,20.3,3299,22,56.7,9972.4,NA,NA,NA
"BG",2008,29.3,42.9,47.8,9.2,18.5,4765,21.4,32.9,10942.7,NA,NA,NA
"BG",2009,29.2,41.4,48.8,9.8,20.8,5751,21.8,23.8,10512.3,NA,NA,NA
"BG",2010,29.9,35.5,53,11.6,23.5,5885,20.7,20.2,11113,NA,NA,NA
"BG",2011,29.9,33.7,54.5,11.9,24.7,5831,22.2,25.8,11734.9,NA,NA,NA
"BG",2012,29.7,32.7,54.4,12.9,24.7,5697,21.2,46,12125.1,NA,NA,NA
"BG",2013,29.1,32.8,53,14.2,25.7,5900,21,38.5,12194.1,NA,NA,NA
"BG",2014,29.1,33.2,51.3,15.6,24,6754,21.8,40.4,12894.9,NA,NA,NA
"BG",2015,28.7,34,50.4,15.6,22.2,6882,22,44.6,13586.9,NA,NA,NA
"BG",2016,29.4,34.5,49.5,16,22.4,6742,22.9,55.3,14411,NA,NA,NA
"BG",2017,28.9,34.6,48.5,16.9,18.9,7533,23.4,50.1,15329.3,NA,NA,NA
"BG",2018,29.6,34.5,49,16.6,18.1,7218,22,50.6,16273.7,NA,NA,NA
"BG",2019,30,36.3,48.9,14.8,16.6,8371,22.6,48.1,17407.9,NA,NA,NA
"BG",2020,29.9,38,47.6,14.4,18,8647,23.8,41.7,17473,NA,NA,NA
"BG",2021,30,36.6,48.8,14.6,17.4,9375,22.1,37.2,19748.1,NA,NA,NA
"BG",2022,30,34.6,51.2,14.3,14.8,9671,22.9,50.1,22421.2,NA,NA,NA
"BG",2023,30,32.8,52.5,14.6,13.8,11155,20.6,39.3,24254.4,NA,NA,NA
"BG",2024,28.2,31.2,52.9,15.9,12.7,13079,21.7,29.4,26324.3,NA,NA,NA
"BG",2025,27.9,32,52.8,15.2,13.8,14843,21.2,27,28332,NA,NA,NA
"CY",2000,25.3,39.7,41.8,18.5,11.8,NA,NA,NA,17688.4,NA,NA,NA
"CY",2001,25.7,38.9,39.9,21.1,9.9,NA,NA,NA,18931.1,NA,NA,NA
"CY",2002,25.9,36.7,39.4,24,9.5,NA,NA,NA,19313.2,NA,NA,NA
"CY",2003,25.8,38.9,36.1,25,11.1,NA,NA,NA,19938.1,15.4,6.1,7.7
"CY",2004,26.1,42.3,35.1,22.6,10.2,NA,NA,NA,21199.6,NA,NA,NA
"CY",2005,26.3,37.4,39,23.6,17.9,14776,16.1,26,22741.4,NA,NA,NA
"CY",2006,26.5,35.9,38.4,25.7,11.9,16362,15.6,11.8,23864,NA,NA,NA
"CY",2007,26.7,33.2,39,27.9,10.3,18252,15.5,7.3,25967.1,11,6.4,8
"CY",2008,26.4,33.5,37.6,28.9,10.9,18241,15.9,6,27029.6,NA,NA,NA
"CY",2009,26.2,34.2,36.6,29.1,11.5,18761,15.8,9.7,25593.1,11.7,8.8,12.5
"CY",2010,25.8,33.3,36.5,30.2,12.9,18026,15.6,10.9,25363.5,12,11.8,12.6
"CY",2011,26.4,31.1,37.2,31.7,14.8,19162,14.8,10.5,24894.2,14.9,15.3,12.8
"CY",2012,26.9,30.2,37,32.9,17.3,19074,14.7,12.9,23616.7,16.3,22.2,16.3
"CY",2013,27.8,29.9,37,33,20.4,17165,15.3,11.5,21994,21.5,29.8,20.1
"CY",2014,28.4,29.9,36,34,19.5,15762,14.4,14.4,21426.7,17.3,29,14.6
"CY",2015,28.4,28.8,38.2,33,18.5,15313,16.2,13.1,22563.5,24.4,25.6,16.5
"CY",2016,27.2,28.1,37.2,34.7,18,16173,16.1,12.6,24483.3,15.1,23.6,16
"CY",2017,27.4,28.3,37.1,34.5,17.6,16877,15.7,10.3,25941.8,13.2,20.2,14.2
"CY",2018,27.4,27.6,37.3,35.1,14.9,17505,15.4,6.6,27303.3,11,15.9,9.8
"CY",2019,27.3,26.4,38,35.7,14.7,18844,15.1,10,28873.4,11.1,12.7,10.2
"CY",2020,26.9,28,39,33,15.2,18652,14.8,6.8,27194.2,14,12.9,13.3
"CY",2021,27.7,27.9,38.7,33.4,15,18629,13.7,9,30382.9,6.9,13.8,18
"CY",2022,28,27.1,38.1,34.8,14.4,19891,14.7,10.7,34492.5,9.3,12.9,17.6
"CY",2023,27.4,28.7,36.7,34.6,13.7,20917,14.9,7.9,37400,12.4,11.5,12.5
"CY",2024,27.2,30,38,32,12.7,22817,14.6,9.2,39456.4,NA,NA,NA
"CY",2025,27,29.9,39.5,30.6,10.6,23782,14.9,7.6,40957,7.4,8.6,11.2
"CZ",2002,26.7,29.8,64.4,5.8,16.5,NA,NA,NA,15033.7,15.1,11,22
"CZ",2003,26.8,30,64.3,5.6,17.5,NA,NA,NA,16087.6,NA,NA,NA
"CZ",2004,26.8,30.7,62.9,6.5,17.7,NA,NA,NA,17134.9,18.9,13.2,11.8
"CZ",2005,27,30.8,62,7.3,16.9,7641,10.4,37.6,18074.2,11.4,12.8,15.8
"CZ",2006,27.2,30.6,61.3,8.1,13.7,8261,9.9,38.3,18965.9,7.6,11,18
"CZ",2007,27.3,31,60.9,8.1,11.6,8841,9.6,38.8,20692,NA,NA,NA
"CZ",2008,27.3,31.3,59.3,9.5,10.7,9725,9,47.5,21587.1,5.5,6.4,6.3
"CZ",2009,27.2,30.9,58.1,10.9,12.7,10104,8.6,43,20826.7,9.4,11.7,7
"CZ",2010,27,30.3,57.8,11.9,12.9,9660,9,49.4,21227.7,5.4,13.2,8.1
"CZ",2011,27.2,30.3,57.1,12.6,12.1,9989,9.8,42.3,21786.3,7.8,11.9,7.5
"CZ",2012,27,29.3,56,14.8,12.9,10313,9.6,46.3,21767.3,9.4,13.2,9.6
"CZ",2013,26.7,28.6,55.5,15.9,12.8,10802,8.6,51.6,22410.7,6.1,12.5,7.1
"CZ",2014,26.7,28.2,55.7,16.1,12.1,11091,9.7,44.1,23517.1,12.6,10.7,7
"CZ",2015,26.5,29,54.6,16.4,11.8,11652,9.7,48,24603.7,10.1,8.9,13
"CZ",2016,26.3,30.4,52.7,16.9,11.1,12478,9.7,45.4,25443.3,9.2,7.3,11.2
"CZ",2017,26.4,30.6,52,17.4,10,12641,9.1,44.2,27214.7,NA,NA,NA
"CZ",2018,26.2,31.4,51.6,17,9.5,13264,9.6,41.9,28492.8,NA,NA,NA
"CZ",2019,25.8,32.6,52.2,15.2,9.8,14035,10.1,37.9,30008.3,4.3,3.6,4.3
"CZ",2020,26,34,50.7,15.3,11,14151,9.5,38.9,29178.2,3.9,5.3,4.1
"CZ",2021,25.9,34.2,49.9,15.9,10.9,13815,8.6,38.2,30502.4,3.4,5.3,3.4
"CZ",2022,25.9,35.3,49.4,15.2,11.4,15354,10.2,36.3,32419.7,NA,NA,NA
"CZ",2023,25.4,37.3,47.7,15,10.1,16208,9.8,47.4,34973.9,4.9,5.4,2.7
"CZ",2024,25.8,38.2,47.8,14,8.6,16972,9.5,47.4,36255.5,5.2,5.8,6.9
"CZ",2025,25.8,39.1,47.2,13.7,8,17190,9.6,43.4,38557,NA,NA,NA
"DE",2000,24.1,30.9,59.4,9.6,10.3,14722,10,NA,23030.4,NA,NA,NA
"DE",2001,24,45.8,47,7.2,10.2,15820,11,NA,23980.4,NA,NA,NA
"DE",2002,24,45.7,47.4,6.8,10.9,NA,NA,NA,24466.9,NA,NA,NA
"DE",2003,24,46.3,46.5,7.2,12.6,NA,NA,NA,25185.4,NA,NA,NA
"DE",2004,24.1,45.9,46.6,7.5,12.9,NA,NA,NA,26286.2,NA,NA,NA
"DE",2005,23.9,46.7,45.8,7.4,13.8,15651,12.2,NA,26837.3,NA,NA,NA
"DE",2006,23.9,46,46.5,7.5,12.7,15167,12.5,NA,28037.1,NA,NA,NA
"DE",2007,23.9,45.1,47.2,7.7,11.6,17325,15.2,NA,29604.6,NA,NA,NA
"DE",2008,23.9,43.2,48.3,8.5,11,18007,15.2,NA,30326.4,NA,NA,NA
"DE",2009,24.1,42.5,48.2,9.3,11.4,17954,15.5,NA,28855.4,NA,NA,NA
"DE",2010,24.1,41.4,49,9.6,10.8,17573,15.6,42.2,30625.5,NA,NA,NA
"DE",2011,24,33.2,54.7,12.1,9.7,18395,15.8,46.3,32333.3,NA,NA,NA
"DE",2012,23.8,32.6,54.3,13.1,9.3,19208,16.1,51.7,32681.9,NA,NA,NA
"DE",2013,23.9,31.8,54.6,13.5,8.7,19478,16.1,49.2,33201.2,NA,NA,NA
"DE",2014,23.8,38.7,49.9,11.4,8.7,19216,16.7,54.4,34493.8,NA,NA,NA
"DE",2015,23.8,39,48.7,12.3,8.5,20365,16.7,51.9,35148.9,NA,NA,NA
"DE",2016,23.7,38,48.9,13.1,8.9,21152,16.5,50.3,36132.4,NA,NA,NA
"DE",2017,23.7,38,48.4,13.6,8.5,21331,16.1,48.5,37613.5,6.6,5.1,12.1
"DE",2018,23.7,38,48.2,13.8,7.9,21980,16,49.5,38726.7,5.4,4.6,11.8
"DE",2019,23.7,38.2,47.4,14.4,7.6,22693,14.8,48.3,39216.9,5.1,4.3,10.1
"DE",2020,23.9,37,47.3,15.7,9.1,24229,16.1,39.4,38270.8,9.3,5.3,13.4
"DE",2021,23.8,39.4,44.4,16.2,9.3,23336,16,41.7,40874.4,6.6,5.2,12.2
"DE",2022,23.8,40.3,43.5,16.2,8.6,23127,14.8,41.3,43577.4,6,4.5,8.7
"DE",2023,24,40.5,43.1,16.5,8.8,24086,14.4,43.2,45519.2,5.5,4.4,8.7
"DE",2024,23.9,40.3,42.5,17.2,8.9,25192,15.5,37.5,47008.3,5.7,4.9,10
"DE",2025,24.1,38.6,42.9,18.5,9.5,26594,16.1,35,48621.8,8.1,5.2,11.9
"DK",2010,21.2,51.8,36,12.3,8.2,17949,13.3,71.1,32584.5,NA,NA,NA
"DK",2011,21,50.6,36.4,13,8.4,19184,12.1,71,33121.4,14.5,13.9,21.3
"DK",2012,21.1,49.2,37.2,13.6,9,19228,12,69.4,33054.7,14.7,13.5,21.7
"DK",2013,21,48.8,37,14.3,8.2,19743,11.9,75.2,33840.5,17.6,12.5,18.8
"DK",2014,21.2,47.3,37.3,15.4,8,19987,12.1,68.1,34318.7,16.5,11.9,18.1
"DK",2015,21.1,46,37.6,16.4,8.5,20384,12.2,66.8,35165,11.5,10.5,16.5
"DK",2016,21,44.6,38.4,17,8.4,21355,11.9,74.2,35992.7,12.7,10.6,17.1
"DK",2017,21.1,44.2,37.6,18.2,9.8,20955,12.4,75.4,37964.1,14.1,10.9,15.2
"DK",2018,21.1,44,37.8,18.2,9.6,21646,12.7,69.7,38810.6,15.5,9.3,15.3
"DK",2019,21.1,43.4,37.5,19.1,9.6,22371,12.5,74.1,39393,12.2,9.5,11.4
"DK",2020,21.2,42.9,37.9,19.2,10.2,21796,12.1,70.2,40054.4,15.9,10.8,12.6
"DK",2021,21.7,43.1,37.4,19.5,8.4,22899,12.3,72.1,44240.3,11.6,9.4,9.9
"DK",2022,21.7,43.6,36.8,19.6,7.9,23244,12.4,70.7,48465.5,11.4,8.2,13.4
"DK",2023,21.8,44.1,36.8,19,8.6,22820,11.8,72.3,48240.3,11.6,9.8,14.8
"DK",2024,21.7,43,37.2,19.9,8,24297,11.6,65.6,51785.4,16,11.5,16.3
"DK",2025,21.8,41.8,37.9,20.3,8.9,25296,11.8,69.5,53940.8,13.6,11.4,18
"EE",2000,24.1,34.4,52.6,13,18.2,NA,18,NA,7803.7,NA,NA,NA
"EE",2001,24.2,35.6,51.9,12.5,17.9,NA,18,NA,8506.2,NA,NA,NA
"EE",2002,24.6,39.5,48.4,12.1,15,NA,18,NA,9536.2,NA,NA,NA
"EE",2003,24,39.4,47.4,13.2,14.2,NA,NA,NA,10751.9,NA,NA,NA
"EE",2004,23.7,40.1,46.7,13.1,15.4,4131,20.2,NA,11847.8,NA,NA,NA
"EE",2005,24.6,40.1,43.5,16.4,13.5,4726,18.3,31.3,13587.2,NA,NA,NA
"EE",2006,25.3,40.7,43.3,16,10.8,5627,18.3,28.8,15338.9,NA,NA,NA
"EE",2007,25.3,41.1,43,15.9,11.6,6492,19.4,19,17499.8,NA,NA,NA
"EE",2008,24.8,40.7,42.9,16.3,11.4,7564,19.5,13.1,17679.1,NA,NA,NA
"EE",2009,24.6,37.6,45.1,17.3,18.3,8101,19.7,14.7,15453.9,NA,NA,NA
"EE",2010,24.4,35.9,46.2,17.8,18.1,7413,15.8,26.2,16341.2,NA,NA,NA
"EE",2011,24.6,34.7,46.9,18.4,14.7,7485,17.5,29.5,18339.7,NA,NA,NA
"EE",2012,24.6,34.4,45.9,19.8,15.1,7891,17.5,32.4,19342.5,NA,NA,NA
"EE",2013,24.3,32.8,47.3,20,14.3,8607,18.6,29.3,20055.2,NA,NA,NA
"EE",2014,24.2,33.3,46.5,20.2,13.8,9241,21.8,30.8,21055,NA,NA,NA
"EE",2015,23.9,35.2,46.2,18.5,13.2,10432,21.6,25.8,21398.6,NA,NA,NA
"EE",2016,24,34.7,45.7,19.6,14.1,11867,21.7,19.3,22190.6,NA,NA,NA
"EE",2017,23.7,35.1,45.5,19.4,11.6,12414,21,18.4,23734,NA,NA,NA
"EE",2018,22.7,35.4,45.6,19,12.1,13378,21.9,16.1,25227.3,NA,NA,NA
"EE",2019,22.6,35.9,44.9,19.2,10.6,14240,21.7,16.2,26438.1,NA,NA,NA
"EE",2020,22.6,36.3,44.6,19.1,11.9,14331,20.7,16.9,25994.6,NA,NA,NA
"EE",2021,22.7,37.1,42.7,20.1,11.2,14810,20.6,18.7,28242.8,NA,NA,NA
"EE",2022,22.7,38.5,42.6,18.9,10.6,17064,22.8,17.1,30146.6,NA,NA,NA
"EE",2023,22.8,40.1,42.9,16.9,9.6,15492,22.5,27.8,30454.9,NA,NA,NA
"EE",2024,22.4,41.3,41.8,16.9,11,16482,20.2,29.6,31583.4,NA,NA,NA
"EE",2025,22.7,42.1,39.9,18,11.2,17147,19.5,33.3,33279.1,NA,NA,NA
"EL",2000,28.6,39.3,51.5,9.2,20.8,8820,20,NA,15631.4,24.2,23.2,19.4
"EL",2001,28.6,38.8,51.9,9.3,20,9087,20,NA,16808.7,19.7,21.6,19
"EL",2002,28.6,36.7,52.9,10.4,19.1,NA,NA,NA,18024.6,19,20.7,16.5
"EL",2003,28.8,35.2,54.1,10.7,20.4,10233,20.7,NA,19096,13,19.9,16.2
"EL",2004,27.7,33.7,54.4,11.9,19.7,10298,19.9,71.1,20287.2,15.6,20.8,13.9
"EL",2005,28.3,33.2,55,11.8,18.5,10751,19.6,65.9,20481.1,18,19.9,13.5
"EL",2006,28.6,36.1,50.9,13,15.5,11162,20.5,68.5,22327,20.1,18.7,11.8
"EL",2007,28.5,36.4,49.5,14.1,15.2,11455,20.3,65.4,22815.1,15.8,17.9,11.8
"EL",2008,28.5,36.4,48.7,14.8,14.8,12032,20.1,65.6,23623.4,14.5,16.8,11.4
"EL",2009,28.2,36.6,48.1,15.3,15.9,12626,19.7,67.1,22620.2,22.2,19.2,15.4
"EL",2010,28.3,36.2,47.9,15.8,18.6,12599,20.1,67.7,21075.8,23.6,24.8,21.7
"EL",2011,28.7,36.6,46.3,17.1,23,11627,21.4,78.8,19146,26.7,35.4,31.5
"EL",2012,29,35.1,46.8,18.1,26.8,10063,23.1,90.5,18153.6,39.1,43.7,44.3
"EL",2013,29.3,33.8,47.6,18.6,28.5,9046,23.1,93.1,18572.7,42.1,48.6,51.1
"EL",2014,29.3,31.8,49.7,18.5,26.7,8674,22.1,93.3,18958.3,42.7,45,44.8
"EL",2015,29.4,31.3,50.7,18,24.1,8802,21.4,94,19131.7,43.4,41.5,38.6
"EL",2016,29.1,30.1,52.4,17.5,22.2,9048,21.2,91.9,19106,37.4,38.3,39.5
"EL",2017,29.4,30.5,51.3,18.3,21.3,9035,20.2,89.7,19700.8,31.1,35.8,33.9
"EL",2018,29.3,30,52.2,17.8,19.5,9245,18.5,90.7,20203,38.3,32.3,32.3
"EL",2019,28.9,29.4,52.8,17.9,17.7,9765,17.9,88.2,20765.1,38.1,28.2,36.7
"EL",2020,29.6,29.1,52.3,18.6,18.7,10175,17.7,83.4,18866.4,28.4,29.3,38.6
"EL",2021,30.7,28.6,51.9,19.4,17.3,9917,19.6,76.7,21245.7,36.5,28.7,16.2
"EL",2022,30.7,28.7,51.4,19.9,15.4,10841,18.8,84.5,24026.4,42.6,24.3,17.3
"EL",2023,30.6,28.2,52.3,19.5,16,11389,18.9,86.3,26263.1,NA,NA,NA
"EL",2024,30.7,29.2,51.2,19.6,14.2,12436,19.6,88.9,27373.2,42.7,18.8,23.4
"EL",2025,30.9,30,51.6,18.4,13.6,13612,19.6,82.6,28469.9,41.9,16.3,13.7
"ES",2000,29.4,44.8,30.9,24.3,15.4,9946,18,NA,17931.7,15.3,20.7,22.7
"ES",2001,29.4,45.1,30.3,24.6,14.9,10887,19,NA,19040.5,12.5,16.3,20.4
"ES",2002,29.3,45.5,29.4,25.1,15.2,NA,19,NA,19990.1,15.4,17.1,20.3
"ES",2003,29.1,45.5,29.3,25.2,14.8,NA,NA,NA,20573.9,10.5,17.4,21.8
"ES",2004,29,45.6,29.2,25.2,14.4,11687,20.1,16.6,21408.9,12.7,16.8,20.8
"ES",2005,28.6,44.8,29.4,25.8,14,11493,20.1,16.6,22627.1,11.6,14.8,16.1
"ES",2006,28.7,44.7,29.6,25.7,12.9,12226,20.3,25.1,24472.7,10.7,13.4,15.4
"ES",2007,28.4,45.5,30,24.5,12.8,12690,19.7,26.8,25684.2,12.9,12.6,14.9
"ES",2008,28.4,45.9,30,24.1,15.3,15043,19.8,32.1,25864.6,20.9,17.4,21.2
"ES",2009,28.3,47,29.7,23.3,19.9,15564,20.4,35.2,24320,29.2,27.3,34.1
"ES",2010,28.4,46.4,29.9,23.6,20,14945,20.7,35.2,24085.9,31.1,30.9,35.8
"ES",2011,28.5,46.3,30,23.7,20.6,14424,20.6,35.8,23861.2,37.1,33.6,38.6
"ES",2012,28.7,46.1,30.2,23.7,22.2,14304,20.8,40,23546.6,41.3,39.4,44.6
"ES",2013,28.9,46,30.3,23.7,22.5,14250,20.4,38.3,23552.4,42.2,41.4,48.4
"ES",2014,29.1,45.3,31.3,23.4,20.7,14195,22.2,39.6,24212.7,41.6,38.9,43.3
"ES",2015,29,43.6,32.7,23.7,19.4,14463,22.1,38.1,25351.1,31.2,36.1,42
"ES",2016,29.4,42.6,33.1,24.3,18.1,15347,22.3,36.4,26145,31.9,32.7,37.1
"ES",2017,29.3,42,33.1,24.9,16.4,15526,21.6,36.5,27390.8,28.1,28.7,33.7
"ES",2018,29.5,40.4,33.8,25.8,15.3,16030,21.5,32.9,27853.5,24.7,25.7,29.4
"ES",2019,29.5,38.8,34.8,26.4,14.9,16171,20.7,31.8,28663.4,20.4,24.7,25.7
"ES",2020,29.8,37.3,35.5,27.2,17.3,16661,21,30.6,25131.2,29.1,28.3,32.8
"ES",2021,30.2,39.8,33.8,26.4,14.2,16297,21.7,36.2,28285,26.5,26.7,29.5
"ES",2022,30.5,39.7,33.5,26.8,12.7,17254,20.4,35.8,31781.2,23.7,22.1,23
"ES",2023,30.4,39.4,33.2,27.3,12.3,19021,20.2,31.7,34768.5,21.2,21.1,22.3
"ES",2024,30,38.7,33.5,27.7,12,20800,19.7,29.9,36413.1,18.5,20.2,20.6
"ES",2025,30.2,38.2,33.8,28,11.5,22408,19.5,28.3,38135.7,18.8,18.4,19.3
"FI",2003,22.2,37.5,49.6,12.9,10.6,NA,NA,NA,23851.2,27.4,21,29.6
"FI",2004,22.4,37.5,49.9,12.6,10.7,13175,11,17.5,25492.2,30.4,19.9,34.8
"FI",2005,22,38.1,50.1,11.8,9.5,14123,11.7,16.1,26251,19.3,14.4,28.4
"FI",2006,22.3,38.2,50.2,11.6,9.4,14810,12.6,15.9,27388,NA,NA,NA
"FI",2007,22,37.5,50.6,11.9,8.4,15241,13,18.3,29879.5,NA,NA,NA
"FI",2008,22,38.5,49.8,11.8,8.9,16556,13.6,18.8,31104.6,NA,NA,NA
"FI",2009,22,38.2,48.9,12.9,11.3,17368,13.8,17.1,28678.4,NA,NA,NA
"FI",2010,21.9,38.4,48.9,12.8,10.5,17211,13.1,16.4,29484.8,NA,NA,NA
"FI",2011,21.9,38.2,49,12.8,10,17933,13.7,15.3,30438.2,20.2,14.5,19.6
"FI",2012,21.9,37.5,49.4,13.1,10.4,18576,13.2,17.2,30084.2,NA,NA,NA
"FI",2013,21.9,36.6,49.8,13.6,10.9,19178,11.8,20.4,29828.9,NA,NA,NA
"FI",2014,21.9,36.1,49.9,14,11.8,19250,12.8,21.2,29773.7,NA,NA,NA
"FI",2015,21.9,36.1,49.8,14.1,12.4,19430,12.4,20.4,30379.3,17.2,17.2,21.2
"FI",2016,21.9,34.8,50.6,14.6,11.7,19997,11.6,19.5,30955.1,NA,NA,NA
"FI",2017,21.9,34.8,50.3,14.9,10.9,19827,11.5,18.2,32444.6,NA,NA,NA
"FI",2018,22,34.9,49.3,15.8,10.1,20048,12,18.1,33393.2,NA,NA,NA
"FI",2019,21.8,34.4,49.7,15.9,9.5,20362,11.6,18.2,33999.7,NA,NA,NA
"FI",2020,22,33.8,49.8,16.4,10.3,20290,12.2,17.4,34039.9,NA,NA,NA
"FI",2021,21.5,36.5,48.7,14.8,9.3,20078,10.8,17.8,36222.4,NA,NA,NA
"FI",2022,21.3,36.6,48.8,14.6,9.5,20941,12.7,20.4,38350.4,NA,NA,NA
"FI",2023,21.4,37.7,47.7,14.6,9.4,21691,12.2,22.4,39690.3,NA,NA,NA
"FI",2024,21.4,39.1,46.5,14.4,10,23055,12.6,22.4,40871.6,NA,NA,NA
"FI",2025,21.3,40.1,45.9,14,11.2,24091,13.4,20.7,42070.4,22.8,16.3,22.7
"FR",2003,23.5,36.3,39.9,23.8,12.8,NA,NA,NA,23087.6,NA,NA,NA
"FR",2004,23.6,36.2,39.9,23.9,13.1,13859,13.5,18,23712.3,NA,NA,NA
"FR",2005,23.7,35.6,40.4,24,13.2,14503,13,16.1,25012.7,17,14.6,24.4
"FR",2006,23.5,35.1,40.5,24.4,13.2,14981,13.2,21.8,25877.1,16.6,14.9,23.6
"FR",2007,23.4,35,41.2,23.8,12.8,15149,13.1,18.3,26999.6,14.6,13.6,24.6
"FR",2008,23.4,34.8,41.8,23.4,12.6,17493,12.5,15.6,27310.5,9.7,12.9,20.5
"FR",2009,23.3,34,41.8,24.2,14.7,17741,12.9,14.9,26292.5,12.9,16.4,25
"FR",2010,23.5,34.4,42,23.7,14.8,17782,13.3,22.1,27301.3,13.6,16.3,26.4
"FR",2011,23.6,34.4,42.1,23.5,14.7,18161,14,22.2,28075.6,12.1,16.1,28
"FR",2012,23.5,34,42.1,23.8,15.1,18784,14.1,22.2,27944.5,17.5,17,27.9
"FR",2013,23.7,32.3,43.1,24.5,13.8,19193,13.7,23.1,28708.1,15,17.8,31.3
"FR",2014,23.7,31.5,43.5,25,14.1,19307,13.3,20.9,28953.5,19.2,18.3,28.4
"FR",2015,23.9,31.9,43.7,24.5,14.7,19885,13.6,21.5,29516,24.3,18.3,27.2
"FR",2016,23.8,31.7,43.6,24.7,14.3,20621,13.6,22.3,29858.6,18.2,17.7,29.2
"FR",2017,24.1,31.8,43.7,24.6,13.8,20357,13.2,20.2,30585.2,14.3,16.3,26.5
"FR",2018,23.7,31.6,42.7,25.7,13.6,20223,13.4,20.3,31463.5,18.3,15.8,23.2
"FR",2019,23.6,31.2,42.4,26.4,13,20471,13.6,22.8,33247.6,17.5,14.8,19.9
"FR",2020,24,30.1,42.8,27.1,14,19518,14.2,24.6,31555.5,13.2,15.2,21
"FR",2021,23.6,31.4,40.5,28.1,12.8,20100,14.3,NA,33443,23.6,14,20
"FR",2022,23.4,31.2,41.1,27.7,12,20575,15.6,25.2,35145.8,14.7,13.3,17.8
"FR",2023,23.7,31.5,40.3,28.2,12.3,21875,15.4,27.9,38055.1,10.9,13.3,18.6
"FR",2024,23.5,31.5,39.6,28.9,12.7,23222,15.9,27.9,39294.2,14.2,14.1,18.4
"FR",2025,23.8,30.8,38.7,30.6,12.9,23792,16.3,25.4,40716,21.1,14.8,20.6
"HR",2002,28.3,30.5,62.7,6.9,21.7,NA,NA,NA,10465.4,NA,NA,NA
"HR",2003,29.2,32.1,60.9,7,20.3,NA,NA,NA,11238.4,NA,NA,NA
"HR",2004,30.1,29.7,63,7.3,19.2,NA,NA,NA,11991.1,NA,NA,NA
"HR",2005,30.1,29.7,62.9,7.4,17.9,NA,NA,NA,12651.6,NA,NA,NA
"HR",2006,30.5,29.6,63.1,7.3,15.8,NA,NA,NA,14012.9,NA,NA,NA
"HR",2007,30.5,27,64.3,8.8,13.4,NA,NA,NA,15440.8,NA,NA,NA
"HR",2008,30.6,26.7,64,9.3,12.2,NA,NA,NA,16306.4,NA,NA,NA
"HR",2009,30.8,26.7,64.1,9.2,14.2,NA,NA,NA,15365,NA,NA,NA
"HR",2010,31.2,26.5,61.8,11.7,17.6,7609,20.6,48.4,15243.6,37.5,23.6,28.2
"HR",2011,31.5,26.6,61.6,11.8,18.9,7421,20.9,31.2,15782.9,36.9,27.8,28.9
"HR",2012,31.6,27.5,60.4,12.1,19.9,7409,20.4,28.5,15972.1,44.3,31.3,37.1
"HR",2013,31.9,27.4,57.6,15,22.1,7359,19.5,34.8,16209.1,31.7,33.5,40.8
"HR",2014,31,26.2,59.1,14.7,21.7,7632,19.4,30,16301.6,NA,NA,NA
"HR",2015,31.3,25.1,60.6,14.2,19.8,8253,20,31.1,17084.7,26.2,30.2,24.2
"HR",2016,31.4,25.5,58.1,16.4,19.4,8985,19.5,29.4,17960.8,34.4,24.2,25.2
"HR",2017,31.8,25.3,57.9,16.8,17.9,9444,20,26.2,19169.3,29.9,21.3,29.7
"HR",2018,31.7,25,58.6,16.4,15.5,9870,19.3,24.4,20216.2,NA,NA,NA
"HR",2019,31.6,24.7,57.8,17.5,14.3,10734,18.3,23.3,21518.8,NA,NA,NA
"HR",2020,32.4,25.5,57,17.5,14.5,11090,18.3,20.5,20213.9,NA,NA,NA
"HR",2021,33.2,26.2,56.6,17.1,14.9,11385,19.2,21.5,23588.3,NA,NA,NA
"HR",2022,33.4,25.5,57.2,17.3,13.1,12277,18,19.4,26007.8,NA,NA,NA
"HR",2023,31.9,25.3,57.4,17.3,11.8,13438,19.3,19.4,29847.3,19.1,12.8,14.4
"HR",2024,31.3,25.9,55.7,18.4,10.6,16277,20.3,16.8,31053.1,NA,NA,NA
"HR",2025,31.5,26.4,54.9,18.7,10.8,19745,19.5,14.9,32370.2,NA,NA,NA
"HU",2000,26.5,34.4,58.7,6.8,19.1,NA,11,NA,9860.3,NA,NA,NA
"HU",2001,26.7,35.5,57.3,7.2,18.5,NA,11,NA,10946.5,NA,NA,NA
"HU",2002,27.1,35.1,57,7.9,18.3,NA,10,NA,11914.3,NA,NA,NA
"HU",2003,27.3,35.2,56.1,8.7,17.2,NA,NA,NA,12696.4,NA,NA,NA
"HU",2004,27.5,36.1,54.3,9.7,16.9,NA,NA,NA,13279.9,NA,NA,NA
"HU",2005,27.8,36,53.6,10.3,17.1,5561,13.5,46.2,13999.8,NA,NA,NA
"HU",2006,27.7,36.6,53,10.4,16.5,6077,15.9,39.8,14602,NA,NA,NA
"HU",2007,27.8,36.3,52.7,11,15.7,6490,12.3,39,15072.2,NA,NA,NA
"HU",2008,27.8,36.7,51.7,11.6,15.9,6597,12.4,42.5,16070.9,NA,NA,NA
"HU",2009,27.8,36.9,51.4,11.7,17.9,6836,12.4,36,15620.6,NA,NA,NA
"HU",2010,28,37.5,51,11.5,17.7,6708,12.3,36.7,16421.6,NA,NA,NA
"HU",2011,27.8,38,49.8,12.2,17.6,7135,14.1,40.6,17133.8,NA,NA,NA
"HU",2012,27.9,36.8,49.7,13.5,18.7,7604,14.3,38.8,17148,NA,NA,NA
"HU",2013,27.8,36.3,50.4,13.3,18.4,7277,15,40.7,17750.4,NA,NA,NA
"HU",2014,27.7,35.6,50.6,13.8,16.4,7559,15,38.4,18489.4,NA,NA,NA
"HU",2015,27.5,35.7,50.7,13.6,15.1,7919,14.9,31.5,19369.1,NA,NA,NA
"HU",2016,27.6,36,51,13,14.1,8267,14.5,32.9,19574.4,NA,NA,NA
"HU",2017,27.4,35,51.7,13.3,13.3,8332,13.4,49.4,20419.5,NA,NA,NA
"HU",2018,27.4,33.9,52.9,13.3,12.8,8603,12.8,46.4,21875.5,NA,NA,NA
"HU",2019,27.4,33.7,53,13.4,13.1,9344,14,17.8,23171.4,NA,NA,NA
"HU",2020,27.5,34.6,51.8,13.6,14.7,9056,13.9,9.8,22731.5,NA,NA,NA
"HU",2021,27.4,35.7,49.7,14.6,11.7,9960,13.2,13.4,24805.4,NA,NA,NA
"HU",2022,27.2,36.5,49.4,14.1,10.7,10620,13.5,34,27305.6,NA,NA,NA
"HU",2023,27.1,35.5,51.9,12.6,10.9,10913,13.8,28.3,28968.6,NA,NA,NA
"HU",2024,27.1,35.8,50.2,14.1,10.9,11199,14.3,34.2,30445.5,NA,NA,NA
"HU",2025,27.3,36.5,49.2,14.3,10.6,11958,14,21.2,31719.3,NA,NA,NA
"IE",2006,25.3,31.4,42.7,26,11.1,15938,18.5,8,35173.9,6.4,6.8,7.3
"IE",2007,25.6,29,43.2,27.8,11.1,17722,17.2,12.3,36903.6,5.7,7.8,8.8
"IE",2008,25.4,28.9,43.5,27.6,15.6,18169,15.5,12.2,34204.1,8,11.4,11.1
"IE",2009,25,29.6,42.7,27.7,20.2,17593,15,17.3,31276.3,16.3,20.8,20.5
"IE",2010,25.1,31.5,41.6,26.9,21.7,16837,15.2,23.1,32659.9,17.7,23.9,22.5
"IE",2011,25.5,31.9,42.2,25.9,22.4,16628,15.2,27.3,33863.3,18.7,25.7,27.9
"IE",2012,25.4,31.7,42.1,26.3,21.6,16520,16.3,28.3,34448,15.1,25.4,30.2
"IE",2013,25.7,32.1,40.8,27.1,18.8,16732,15.7,21,35185.4,15,22.2,23.4
"IE",2014,25.9,30.8,41.6,27.6,17.8,16567,16.8,26.7,37694.1,12,20.3,23.1
"IE",2015,26.4,31.3,40.5,28.3,16.5,17656,16.2,18.3,51462.7,10.9,16.9,20.3
"IE",2016,26.5,30.5,41.4,28.1,14.5,18397,16.8,18.6,50754,8.8,14.2,16.5
"IE",2017,26.3,29.3,43,27.7,12.8,18198,15.6,19.9,55280.2,9.2,11.4,13.8
"IE",2018,26.5,29.8,43.1,27.1,11.6,19464,14.9,14.6,58626.5,9.9,10.4,12.2
"IE",2019,26.8,29.8,43.8,26.4,11.4,19692,13.4,22.6,59944.4,9.2,9.7,9.3
"IE",2020,28.1,29.5,43,27.5,14.2,19720,13,18.1,62296.2,NA,NA,NA
"IE",2021,27.8,28.2,42.3,29.4,9.8,20551,12.8,9.1,74720.4,NA,NA,NA
"IE",2022,26.9,28.6,41.7,29.6,8.6,20904,13.4,15.9,86108.3,NA,NA,NA
"IE",2023,28,29.5,41.7,28.8,8.5,21568,12,20.6,82972.1,NA,NA,NA
"IE",2024,26.8,29.3,41.2,29.6,7.6,23288,12.7,17,88342.7,9.9,8.2,9.7
"IE",2025,26.9,30.3,39.6,30.1,8.1,25449,13,17.1,93359.9,NA,NA,NA
"IT",2004,29.5,45.6,48.1,6.4,19.6,13155,18.9,37.5,24173.2,NA,NA,NA
"IT",2005,29.7,45.2,47.3,7.5,20,13636,19.2,38.3,24686.5,12.7,18,15.6
"IT",2006,29.8,44.4,47.1,8.6,19.2,13906,19.3,37.1,25808.3,12.7,16,15
"IT",2007,29.8,44.2,46.4,9.5,18.8,14497,19.5,26.2,26930.2,12.6,14.7,12.5
"IT",2008,29.7,44.5,45.6,9.9,19.3,15263,18.9,27.4,27489.2,13.5,15.6,13
"IT",2009,29.7,44.3,45.6,10.1,20.5,15233,18.4,27.6,26046.1,15,18.7,16.7
"IT",2010,29.7,43.9,46.2,9.8,22,15225,18.7,29.7,26477.9,16.9,20.5,20.4
"IT",2011,29.7,43.5,46.6,9.9,22.5,15776,19.8,31.9,27119.5,17.3,20.7,20.5
"IT",2012,29.8,42.8,46.7,10.5,23.8,15495,19.5,30.1,26792.3,20.7,25.8,24.3
"IT",2013,29.9,42.4,47,10.6,26,15315,19.3,32.2,26316.4,25.9,29.9,30.5
"IT",2014,30.1,41.5,47.2,11.3,26.2,15254,19.4,31.9,26280.2,25.5,32.4,28.9
"IT",2015,30.1,41.5,47.2,11.4,25.7,15395,19.9,32.9,26880.4,24,30.2,29.6
"IT",2016,30.1,41.5,47,11.5,24.3,16237,20.6,35.8,28121.1,23.6,29.1,25
"IT",2017,30.1,40.6,47,12.4,24.1,16522,20.3,32.9,28946.7,25.3,27.1,24.3
"IT",2018,30.1,40.7,46.4,12.9,23.2,16715,20.3,32.9,29555.4,24.2,24.9,23.5
"IT",2019,30.1,40.2,46.6,13.2,22.1,17099,20.1,34.8,30348.1,18.4,22.3,23.5
"IT",2020,30.2,40.4,45.8,13.8,23.5,17764,20,28.6,28386.4,22.3,22.2,22.4
"IT",2021,29.9,40,45.8,14.2,23.1,17304,20.1,28.6,31782.5,23.5,22.1,23.3
"IT",2022,30,38.7,46.7,14.6,19,18472,20.1,24,35348.2,21.9,18,16.6
"IT",2023,30,38.1,47.1,14.8,16.1,19691,18.9,22.2,37697,18.5,16.7,16
"IT",2024,30.1,38,47.3,14.8,15.2,20804,18.9,21.8,39068.5,15.5,14.9,12.9
"IT",2025,30.2,37.8,48.1,14.1,13.3,22624,18.6,21.7,39949.2,13.1,14.6,13.2
"LT",2002,27.7,41.6,42.1,16.3,15.2,NA,NA,NA,8606.2,NA,NA,NA
"LT",2003,28.5,41.6,42.4,16,13.6,NA,NA,NA,9924.3,NA,NA,NA
"LT",2004,28.4,40.6,41.7,17.7,12.9,NA,NA,NA,10701.7,NA,NA,NA
"LT",2005,28.5,40,43.8,16.2,10.7,3847,20.5,30.3,11889.3,NA,NA,NA
"LT",2006,28.7,40.9,42.6,16.4,10.3,4620,20,25.2,13076.4,NA,NA,NA
"LT",2007,28.3,39.1,43.4,17.6,10.1,5714,19.1,20.1,15091.2,NA,NA,NA
"LT",2008,26.8,38.6,42.9,18.6,11.9,6852,20.9,20.1,16091.7,NA,NA,NA
"LT",2009,26.7,38.3,42.8,18.9,15,7149,20.3,20.3,13722.4,NA,NA,NA
"LT",2010,26.8,37.9,42.5,19.6,17,6018,20.5,38.5,15009.4,NA,NA,NA
"LT",2011,26.5,37.3,43.2,19.5,14.7,6068,19.2,38,16917.2,NA,NA,NA
"LT",2012,26,35.6,44.3,20,13.9,6724,18.6,33.1,18141.8,NA,NA,NA
"LT",2013,25.9,34.2,44.7,21.1,13.7,7282,20.6,28.8,19173.6,NA,NA,NA
"LT",2014,26.1,33.3,43.2,23.5,12.9,7595,19.1,27.4,20073.2,NA,NA,NA
"LT",2015,25.6,32.7,43.7,23.6,11.8,8251,22.2,32.2,20741.3,NA,NA,NA
"LT",2016,25.4,31.6,45.9,22.5,10.7,9364,21.9,29.6,21376.1,NA,NA,NA
"LT",2017,25.7,31.1,45,23.9,10.2,9819,22.9,26.8,23073.2,NA,NA,NA
"LT",2018,25.7,30.5,45.7,23.8,9.3,10702,22.9,22.3,24746.4,NA,NA,NA
"LT",2019,25.9,30.1,45,24.9,10.9,11509,20.6,19.8,26382,NA,NA,NA
"LT",2020,25.6,31,44.6,24.4,13,12546,20.9,11.6,26359.5,NA,NA,NA
"LT",2021,25.2,30.3,45.5,24.2,12.7,13742,20,12.9,29277,NA,NA,NA
"LT",2022,24.7,31.9,42.9,25.3,10.7,14202,20.9,14.2,31269.3,NA,NA,NA
"LT",2023,24.1,33.3,43.2,23.6,13.5,14312,20.6,20.8,32931.3,NA,NA,NA
"LT",2024,23.6,35.1,43,21.9,14.7,15110,21.5,22.5,34935.9,NA,NA,NA
"LT",2025,22.7,34.1,42.6,23.3,12.4,17136,22.6,20.2,36174.4,NA,NA,NA
"LU",2000,25.5,33.2,51.6,15.2,8.1,22665,12,NA,45723.9,NA,NA,NA
"LU",2001,25.6,46.9,40.8,12.3,8.2,23969,12,NA,46437,NA,NA,NA
"LU",2002,25.3,46.9,42.5,10.6,7.5,NA,NA,NA,47972.3,NA,NA,NA
"LU",2003,26,44.5,45.3,10.2,6.9,25252,11.9,21.5,49363.2,NA,NA,NA
"LU",2004,26.3,44.6,39,16.4,8.1,26095,12.7,26.2,52812.6,9.9,8.9,25.1
"LU",2005,26.5,46.5,36.8,16.7,6.8,27564,13.7,21.2,56280,NA,NA,NA
"LU",2006,26.2,46.9,39.5,13.6,8,26418,14.1,27.1,62675.1,9,8.1,37.6
"LU",2007,26.5,44.6,39.4,15.9,7.3,26847,13.5,23,67113.9,NA,NA,NA
"LU",2008,26.3,44.7,38.4,16.9,9.2,26943,13.4,20.7,70514.1,9.3,11.6,56.6
"LU",2009,25.9,41.5,37.8,20.7,7.5,27036,14.9,19.2,65559.9,12,8.4,23.8
"LU",2010,26.2,44,37.1,18.8,6.1,26602,14.5,24.4,68312.3,NA,NA,NA
"LU",2011,25.9,43.2,36.5,20.3,6.6,26601,13.6,23.6,70256.2,8.9,8.3,21.2
"LU",2012,26.2,43,34.6,22.4,7.6,26579,15.1,23.9,71288.2,11.4,9.6,17
"LU",2013,26.4,42.1,36.5,21.4,7.2,28030,15.9,25.9,72585.6,11.6,10.4,12.8
"LU",2014,26.7,41.2,33.9,24.9,6.5,28271,16.4,30.9,75199.8,8.7,12.5,32.4
"LU",2015,26.1,44,33.5,22.5,7.6,29285,15.3,27.9,77581.8,12.2,11.4,14.9
"LU",2016,26.4,41.9,34.8,23.3,6.8,27834,15.8,29.7,78464.2,12,8.9,15.2
"LU",2017,26.3,42.5,34.1,23.5,6.6,29596,16.4,31.8,78896.1,8.6,8.6,15.4
"LU",2018,25.8,40,34,25.9,7.5,27529,16.7,40.5,78985.2,7.8,9.9,17
"LU",2019,26.5,38.9,32.2,28.9,6.5,28943,17.5,37.7,78744.5,10.2,10.2,14.4
"LU",2020,26.3,38.7,32.1,29.2,7.7,28675,17.4,34.3,77888.8,12.9,13,16
"LU",2021,26.8,36.6,30.4,32.9,8.8,32132,18.1,16.8,87098.2,7.2,10.6,13.1
"LU",2022,26.8,37.1,31.1,31.8,7.4,33214,17.3,30.6,90395.4,5.1,10.6,11.6
"LU",2023,26.7,33.7,34.8,31.5,8.5,34777,18.8,41.2,95129.1,NA,NA,NA
"LU",2024,26.9,33.5,33.4,33.2,9.9,37781,18.1,29,97690.2,NA,NA,NA
"LU",2025,26.6,33.5,34.5,32,8.8,37673,14.8,30.4,99621.3,NA,NA,NA
"LV",2002,27.5,42.1,49.1,8.8,17.6,NA,NA,NA,7998,NA,NA,NA
"LV",2003,27.1,44.7,46.5,8.8,16.1,NA,NA,NA,8675.4,NA,NA,NA
"LV",2004,27.3,44.8,45,10.1,15.6,NA,NA,NA,9610.5,NA,NA,NA
"LV",2005,27.3,45.8,42.8,11.4,14.1,3911,19.4,40.6,10930.5,NA,NA,NA
"LV",2006,27,44.5,43.5,12.1,13.7,4475,23.5,33.4,11943.9,NA,NA,NA
"LV",2007,27.2,43.6,44.4,12,13.9,5587,21.2,31.7,13639.7,NA,NA,NA
"LV",2008,27.1,41.8,44,14.2,13.6,7138,25.9,27.1,14458.6,NA,NA,NA
"LV",2009,27.8,40.7,45,14.3,20.8,7132,26.4,28.5,12505.9,NA,NA,NA
"LV",2010,28.1,38.6,45,16.4,20.7,5876,20.9,31.9,13130.4,NA,NA,NA
"LV",2011,27.7,37.8,45.5,16.7,19.1,5944,19,37.9,13880.6,NA,NA,NA
"LV",2012,27.9,33.9,46.8,19.3,17.2,6101,19.2,35.9,15139.1,NA,NA,NA
"LV",2013,27.8,32.6,46.7,20.7,15.6,6446,19.4,38.2,15770.2,NA,NA,NA
"LV",2014,28,32.2,46.3,21.5,15.2,7320,21.2,32.5,16462.6,NA,NA,NA
"LV",2015,27.5,32.9,45.7,21.4,13.8,8092,22.5,25.9,17353.1,NA,NA,NA
"LV",2016,27.7,31.8,46.4,21.8,13.3,9257,21.8,25.2,17925.2,NA,NA,NA
"LV",2017,27,33.1,46.1,20.7,12.3,9248,22.1,25.6,18999.8,NA,NA,NA
"LV",2018,26.6,34.1,45.1,20.8,11.6,10031,23.3,23,20230.2,NA,NA,NA
"LV",2019,26.6,34.4,45.6,20,10.3,11031,22.9,19.4,20948.7,NA,NA,NA
"LV",2020,26.7,35.4,46.4,18.2,11.9,11339,21.6,17.4,20911.4,NA,NA,NA
"LV",2021,26.6,36,44.5,19.5,12.1,11975,23.4,17.4,23542.2,NA,NA,NA
"LV",2022,26.8,37.4,42.5,20.1,11.3,12845,22.5,20.4,24939.3,NA,NA,NA
"LV",2023,26.2,39.9,42.4,17.7,10,13228,22.5,25.9,26755.5,NA,NA,NA
"LV",2024,26.6,39.6,41.5,18.8,10.7,14721,21.6,25.7,27536.5,NA,NA,NA
"LV",2025,25.7,40.1,44.1,15.8,11,17097,22,22.3,29518.5,NA,NA,NA
"ME",2011,32.5,30.7,56.7,12.7,24.6,NA,NA,NA,10691.7,NA,NA,NA
"ME",2012,30.7,30.3,56.2,13.5,24.4,NA,NA,NA,10185.3,NA,NA,NA
"ME",2013,31.3,30.8,53.2,16,23.6,5295,25.2,43.4,10604.8,NA,NA,NA
"ME",2014,31.6,30.3,53.3,16.4,22.5,5339,24.1,42.1,10949.1,NA,NA,NA
"ME",2015,32.1,28.9,55.5,15.6,23.4,5645,24.4,44.1,11570.4,NA,NA,NA
"ME",2016,32.2,28.2,56.1,15.7,22.3,6061,24,44.9,12524.5,NA,NA,NA
"ME",2017,32.5,28.5,55.5,16,21.4,6511,23.6,40.5,13295.7,NA,NA,NA
"ME",2018,32.8,27.6,56.1,16.3,21,6831,23.8,43.5,14297.5,NA,NA,NA
"ME",2019,33.1,26,55.2,18.8,21.3,6728,24.5,34,15417.6,NA,NA,NA
"ME",2020,33.3,27.2,53.6,19.2,26.6,6861,22.6,28.8,13175.6,NA,NA,NA
"MK",2006,30.5,44.9,49.3,5.8,44.8,NA,NA,NA,7068.4,NA,NA,NA
"MK",2007,30.7,41.5,50.8,7.7,38,NA,NA,NA,7610.3,NA,NA,NA
"MK",2008,30.8,41.6,50.5,7.9,35.9,NA,NA,NA,8477.7,NA,NA,NA
"MK",2009,30.9,38.7,50.2,11.1,32.8,NA,NA,NA,8705.9,NA,NA,NA
"MK",2010,31.1,38.4,49.2,12.4,31.8,NA,27,NA,9078.9,NA,NA,NA
"MK",2011,31,36.4,49.7,13.9,31.6,NA,26.8,57.4,9256,NA,NA,NA
"MK",2012,31.5,35.5,49.2,15.3,32.1,3916,26.2,62.2,9397.6,NA,NA,NA
"MK",2013,31.6,34.4,50.6,15,31.3,3994,24.2,57.4,9861.9,71.3,45.2,56
"MK",2014,32,34.3,51,14.7,31.9,4097,22.1,55.4,10382.3,68.8,44.9,46.5
"MK",2015,31.7,33.5,51.1,15.4,32.5,4556,21.5,46.3,10810,80.7,42.1,50.9
"MK",2016,31.2,31.9,51.3,16.8,31.3,4940,21.9,50.2,11432.2,66.9,40.2,54.1
"MK",2017,31.5,30.1,53.1,16.8,31.1,5302,22.2,46.1,11787.6,35.7,39.2,46.6
"MK",2018,31.7,30,54.1,15.9,29.8,5496,21.9,42.5,12518.7,37.1,36.9,57.3
"MK",2019,31.8,30,53.6,16.3,24.5,5638,21.6,37.4,13152.4,43.7,30.2,59
"MK",2020,32.1,29.4,54.2,16.4,26.2,5988,21.8,33.4,12730.8,NA,NA,NA
"MK",2021,31.4,31.3,54.6,14.1,23.6,6319,23,31.5,14125.3,NA,NA,NA
"MK",2022,31.5,31.5,54.3,14.1,22.8,7069,22.9,32.8,14946.7,NA,NA,NA
"MK",2023,30.8,30.6,55,14.4,24.2,7609,22.2,34,15837.3,NA,NA,NA
"MK",2024,30.7,31.4,55.3,13.3,22.6,9356,21.9,24.6,16932.2,NA,NA,NA
"MK",2025,30.7,32.4,53.7,13.9,23.4,NA,NA,NA,17842.6,NA,NA,NA
"MT",2003,28.9,67.9,22,10.1,20.5,NA,NA,NA,17087.5,NA,NA,NA
"MT",2004,29,62.7,26.9,10.4,15.4,NA,NA,NA,17618.2,NA,NA,NA
"MT",2005,29.5,49.9,39.9,10.2,15,11757,14.3,6.5,18202.3,NA,NA,NA
"MT",2006,30.2,47.7,40,12.4,13.6,12076,14.2,9.5,18462.6,NA,NA,NA
"MT",2007,30,47,39.2,13.9,13.7,12442,15.1,10.2,19743.3,NA,NA,NA
"MT",2008,30.1,41.6,45,13.4,11.4,13264,15.3,12.4,20677.9,NA,NA,NA
"MT",2009,30.2,38.4,47.9,13.7,12.6,13576,14.9,10.6,20211.9,NA,NA,NA
"MT",2010,31,34.6,48.9,16.5,12.2,13371,15.5,13.3,21883.2,NA,NA,NA
"MT",2011,30.9,34.2,48.8,17.1,12.1,14029,15.6,11.6,21922.3,NA,NA,NA
"MT",2012,30.1,33.5,48.5,18,12,14600,15.1,11.9,22697.4,NA,NA,NA
"MT",2013,29.6,31.6,49.7,18.8,10.9,15249,15.8,11.2,23895.4,NA,NA,NA
"MT",2014,29.9,30.4,49.7,20,11.6,15686,15.8,5.8,25209.3,NA,NA,NA
"MT",2015,30.5,28.2,50.9,20.9,11.8,16753,16.6,4.8,27577.1,NA,NA,NA
"MT",2016,30.8,25.7,52.4,21.9,9.4,17264,16.5,5.7,28475.6,NA,NA,NA
"MT",2017,31,24.8,52.3,22.9,8.8,17899,16.7,5.6,31415.2,NA,NA,NA
"MT",2018,30.2,21.8,51.4,26.8,7.4,17932,16.8,5.6,32639.5,NA,NA,NA
"MT",2019,29.3,22.5,51.6,25.9,8.5,18588,17.1,9.2,33381.9,NA,NA,NA
"MT",2020,29.8,19.6,54.8,25.6,9.7,18756,16.9,9.8,31931.9,19.4,6.9,8.3
"MT",2021,28.3,18.2,55.2,26.7,10.5,19012,16.9,12.2,36291.8,10.3,5.5,15.7
"MT",2022,28.4,15.3,57.3,27.4,7.6,20698,16.7,12.1,37451.1,14.9,5.2,9.3
"MT",2023,28.5,16.9,51.3,31.8,7.6,21060,16.6,24.8,41830.7,NA,NA,NA
"MT",2024,28.1,19.8,48.5,31.7,7.2,22077,16.9,25.3,43805,NA,NA,NA
"MT",2025,27.5,19.2,49.1,31.7,8.5,24054,16.9,23,45952.5,NA,NA,NA
"NL",2000,23.1,42.1,44.8,13.1,6,13752,11,NA,26490.2,NA,NA,NA
"NL",2001,23.4,41.2,45.7,13.1,5.7,13848,11,NA,27534.4,5.5,3.1,6.6
"NL",2002,23.5,41.8,45.4,12.8,6.1,NA,11,NA,28340.9,6,3.3,7.9
"NL",2003,23.5,41.8,42.9,15.3,6.7,NA,NA,NA,28157.9,NA,NA,NA
"NL",2004,23.5,41.2,41.8,17,6.6,NA,NA,NA,29386.3,8.6,5.8,13.3
"NL",2005,23.3,41.5,41.6,16.9,7.7,16020,10.7,56.9,30944.8,11.8,8.2,19.7
"NL",2006,23.4,41.6,41.3,17.1,6.2,16495,9.7,55.9,32770.2,12,6.8,16.2
"NL",2007,23.4,40.6,41.9,17.5,5.4,17537,10.2,60,34900.9,10.3,6.3,12.6
"NL",2008,23.3,40.5,41.2,18.3,5,19142,10.5,46.2,36251.2,8.2,5.5,14.7
"NL",2009,23.3,40.4,41.2,18.4,5.8,19227,11.1,43.3,33941.7,11.3,7,14.9
"NL",2010,23.3,40.2,41.2,18.7,6.1,18814,10.3,43.4,34297.2,8.2,8,15.5
"NL",2011,23.5,39.5,41.6,18.9,5.9,18833,11,42.8,35027.4,10.1,7.2,17.1
"NL",2012,23.6,38.4,42,19.6,6.5,18978,10.1,46.6,35189.9,10,8.6,19.1
"NL",2013,23.5,38.4,41.2,20.4,7.5,19226,10.4,48.3,35818.4,12.8,10.1,22.4
"NL",2014,23.6,37.7,41.3,21,7.6,18805,11.6,51.1,35659.4,13.1,9.8,19.6
"NL",2015,23.7,37.1,41.6,21.2,6.7,19387,11.6,51.4,36639.1,14.4,8.7,19.2
"NL",2016,23.7,37,41.3,21.7,6.3,21189,12.7,42.9,36929.7,11.5,8.1,15.6
"NL",2017,23.6,35.8,41.8,22.4,5.9,21195,13.2,40.9,38491.7,7.4,6.6,14.9
"NL",2018,23.7,35.1,42.1,22.8,5.7,21528,13.3,40.6,39886.4,7.2,5.3,10.2
"NL",2019,23.7,34.8,41.8,23.4,5.7,21968,13.2,39.6,40548,6.4,5,10.6
"NL",2020,24.3,33,42.1,24.8,5.7,22117,13.4,33.3,39986.8,8.8,6.6,14.6
"NL",2021,23.2,29.8,41.2,29,3.9,24560,14.4,34.1,43741.8,12.9,6.6,13.3
"NL",2022,23,29.9,41.4,28.7,4.2,25437,14.5,41.2,48540.1,7,5.9,11
"NL",2023,23.2,30.6,41.6,27.8,4.7,25116,13,34.5,50216.4,9.5,6.2,11.5
"NL",2024,23.2,31.2,40.5,28.3,4.9,27091,12.1,27.9,53149.4,9.2,6.5,11.3
"NL",2025,23.4,31.1,39.7,29.2,5.3,29714,13.4,29.9,55152.1,9.9,6.5,12.2
"NO",2021,22,37.9,35.2,26.9,7.4,26365,12.6,41.3,58819.5,NA,NA,NA
"NO",2022,22.4,31.7,41.1,27.2,6.8,27090,12.2,48.8,80200.6,NA,NA,NA
"NO",2023,22.5,32.3,39.8,28,6.4,29297,11.5,50.5,67311.7,NA,NA,NA
"NO",2024,22.7,31.7,39.9,28.4,6.8,32338,11.6,52.3,66273.8,NA,NA,NA
"NO",2025,22.9,30.6,42,27.3,7,33801,11.3,43.8,66164.8,NA,NA,NA
"PL",2003,28.5,33.7,56.7,9.7,20.8,NA,NA,NA,10127.5,NA,NA,NA
"PL",2004,28.5,33,56.3,10.7,19.6,NA,NA,NA,10961.6,NA,NA,NA
"PL",2005,28.6,32.4,55.6,12,18.4,4759,20.5,46.5,11416.1,NA,NA,NA
"PL",2006,28.7,32.1,54.5,13.4,16.6,5095,19.1,35.2,12094.3,NA,NA,NA
"PL",2007,28.6,31.9,53.7,14.4,14.4,5609,17.3,33.1,13292.5,NA,NA,NA
"PL",2008,28.6,31.6,52.8,15.5,12.7,6732,16.9,32.1,14261.4,NA,NA,NA
"PL",2009,28.3,30.9,51.5,17.7,14,7376,17.1,28.3,14569.5,NA,NA,NA
"PL",2010,28.2,30.6,50.6,18.8,14.8,7578,17.6,30.5,15891.8,NA,NA,NA
"PL",2011,28.5,30.5,49.4,20.1,15.2,8322,17.7,35.7,17002.3,NA,NA,NA
"PL",2012,28.5,30.1,48.9,21,15.7,8635,17.1,36.1,17524.2,NA,NA,NA
"PL",2013,28.2,30.2,48.4,21.3,16.2,9158,17.3,33.5,17640.5,NA,NA,NA
"PL",2014,28.3,30.2,48.2,21.6,15.5,9560,17,32,18251,NA,NA,NA
"PL",2015,28.3,30.5,48.2,21.3,14.6,9950,17.6,30.7,19407.7,NA,NA,NA
"PL",2016,28,29.9,49.2,20.9,13.8,10865,17.3,29.6,19706.9,NA,NA,NA
"PL",2017,27.7,30.3,49.3,20.4,12.9,11079,15,30.4,20730.1,NA,NA,NA
"PL",2018,27.6,30.4,49.1,20.5,12.1,11513,14.8,28.1,21945,NA,NA,NA
"PL",2019,27.1,31,48.2,20.8,11.4,12335,15.4,26.3,23348,NA,NA,NA
"PL",2020,27.8,31.8,48.9,19.3,12.3,13350,14.8,23.5,23916.5,NA,NA,NA
"PL",2021,28.4,32.5,50.5,17,13.2,13870,14.8,27.9,26197.3,NA,NA,NA
"PL",2022,28.2,32.7,51,16.3,10.7,14906,13.7,28.9,28144.8,NA,NA,NA
"PL",2023,27.2,32.1,48,19.9,9.1,16551,14,29.1,29519.6,NA,NA,NA
"PL",2024,26.7,33.1,47.8,19.2,9.4,18064,13.8,26.2,31463,NA,NA,NA
"PL",2025,26.8,34.5,47.6,18,9.2,19925,13.2,21.9,33816.5,NA,NA,NA
"PT",2000,28.1,69.2,24,6.8,10.1,7767,21,NA,15683.9,NA,NA,NA
"PT",2001,28,67.6,24.7,7.7,10.2,8280,20,NA,16166.8,NA,NA,NA
"PT",2002,28.2,66.8,24.7,8.5,11.5,NA,20,NA,16689.4,NA,NA,NA
"PT",2003,28.2,64.2,26.7,9.1,12.4,NA,NA,NA,17122.5,NA,NA,NA
"PT",2004,28.2,62.6,27.2,10.2,12,8039,20.4,16.7,17549.7,NA,NA,NA
"PT",2005,28.2,61.6,28.3,10.1,12.3,8236,19.4,16.6,18614.7,NA,NA,NA
"PT",2006,28.3,61.1,28.4,10.5,12,8595,18.5,12.9,19624.2,NA,NA,NA
"PT",2007,28.5,59.8,28.8,11.5,12.7,8915,18.1,22,20321.8,NA,NA,NA
"PT",2008,28.8,58.8,28.7,12.5,11.9,9504,18.5,21.4,20693.8,NA,NA,NA
"PT",2009,28.7,57.5,29.3,13.2,12.5,9407,17.9,21.5,19984.4,19.7,15.3,17.6
"PT",2010,28.7,54.8,31.5,13.6,13.6,9728,17.9,15.9,20662,23.7,17.3,25.2
"PT",2011,28.7,51.3,33.8,14.9,13.9,9621,18,26.4,19941.7,NA,NA,NA
"PT",2012,28.8,49.6,34.6,15.8,15.6,9795,17.9,28.8,19520.9,NA,NA,NA
"PT",2013,29,48.5,35.3,16.2,16.5,9820,18.7,30.9,20153.9,NA,NA,NA
"PT",2014,28.8,47.1,36.1,16.8,14.6,10125,19.5,33.7,20580.3,NA,NA,NA
"PT",2015,28.9,44.1,37.7,18.1,13.1,10317,19.5,33.5,21240.3,NA,NA,NA
"PT",2016,29,43.4,38.6,18,12.7,10805,19,29.1,21877.6,NA,NA,NA
"PT",2017,29.1,42,39.7,18.3,10.6,10826,18.3,26,22559.7,NA,NA,NA
"PT",2018,28.8,39.7,41.2,19.1,9.5,10801,17.3,22.3,23548.4,NA,NA,NA
"PT",2019,28.9,37.4,42.1,20.5,9.1,11602,17.2,22.8,24464.9,NA,NA,NA
"PT",2020,29.9,34.8,43.1,22.2,11,12333,16.2,17.3,22782.1,NA,NA,NA
"PT",2021,33.3,31.2,43.1,25.7,9.7,12404,18.4,24,24550.2,NA,NA,NA
"PT",2022,30.1,31.5,44.5,24,8.5,12266,16.4,19.4,27841.5,NA,NA,NA
"PT",2023,29,32.4,44,23.6,8.9,13421,17,18.8,31107.5,NA,NA,NA
"PT",2024,28.9,30.6,44.8,24.6,8.7,14446,16.6,25.9,32937.1,NA,NA,NA
"PT",2025,28.8,29.9,44.7,25.5,8,16634,15.4,24.4,33825,NA,NA,NA
"RO",2002,27.6,42.9,51.9,5.2,23.5,NA,NA,NA,5886.9,NA,NA,NA
"RO",2003,27.4,45.5,49.1,5.4,22.4,NA,NA,NA,6208.1,NA,NA,NA
"RO",2004,27.7,44.8,48.5,6.7,21.2,NA,NA,NA,7346,NA,NA,NA
"RO",2005,27.9,45.1,48.2,6.6,18.4,NA,NA,NA,7865.3,NA,NA,NA
"RO",2006,28.1,43.7,49,7.3,16.5,NA,NA,NA,9188.2,NA,NA,NA
"RO",2007,28.3,42,49.8,8.2,14.8,2783,24.6,44.6,10819.2,NA,NA,NA
"RO",2008,28.4,40.9,49.8,9.2,13.2,3062,23.6,42,13023.6,NA,NA,NA
"RO",2009,28.5,39.9,50,10.1,15.7,3444,22.1,37.3,12562.6,NA,NA,NA
"RO",2010,28.2,41.3,48,10.7,18.9,3537,21.6,40,13138.8,NA,NA,NA
"RO",2011,28.4,40.9,47.3,11.8,19.5,3643,22.3,23.2,14012.6,NA,NA,NA
"RO",2012,28.5,40.6,47,12.4,19.3,3710,22.9,45,14625.5,NA,NA,NA
"RO",2013,28.5,40.3,46.8,12.9,19.6,3886,23,41.5,14200.3,NA,NA,NA
"RO",2014,28.5,40.9,45.8,13.4,19.9,4014,25.1,40.1,14783.2,NA,NA,NA
"RO",2015,27.9,40.8,46.8,12.4,20.9,4357,25.4,42.6,15543.5,NA,NA,NA
"RO",2016,28.1,41.4,47.3,11.3,20.2,4724,25.3,38.8,16602.2,NA,NA,NA
"RO",2017,28,41.4,47,11.6,17.8,5314,23.6,36.3,18502.8,NA,NA,NA
"RO",2018,28.2,40.5,48.1,11.4,17,6278,23.5,33.3,19915.4,NA,NA,NA
"RO",2019,28.1,37.4,51.5,11.1,16.8,7338,23.8,29.7,21713.9,NA,NA,NA
"RO",2020,27.9,36.3,53.7,9.9,16.6,7724,23.4,24,21808.9,NA,NA,NA
"RO",2021,28,29.5,60.7,9.8,20.3,8698,22.5,26,23919.2,NA,NA,NA
"RO",2022,27.7,28.7,61.3,10,19.8,10033,21.2,26.3,25908.1,NA,NA,NA
"RO",2023,27.7,31.4,59.4,9.2,19.3,11084,21.1,28.3,28715.8,NA,NA,NA
"RO",2024,27.3,31.1,59.2,9.6,19.4,13023,19,16.3,30769.5,NA,NA,NA
"RO",2025,27.4,30.2,59.7,10.1,19.2,12861,18.4,16.9,32353.1,NA,NA,NA
"RS",2014,30.6,31,56.4,12.6,25.5,4602,25,78.2,10963.6,31.2,37.5,31.6
"RS",2015,30.8,29.2,56.7,14.1,24.6,4722,26.7,80.8,11178.3,27.8,34.6,35.8
"RS",2016,31.1,28.5,56.9,14.7,22.3,4998,25.9,75.1,11430.7,24.4,29.9,30.6
"RS",2017,31.2,28.1,56.9,15,21.7,5131,25.7,82.7,11873,26.3,26.7,25.9
"RS",2018,31.3,29.1,56.5,14.4,20.1,5226,24.3,80.9,12524.5,23.2,24.6,23.4
"RS",2019,31.1,29.2,56.4,14.4,19,6014,23,63.5,13389.6,19.6,21.6,15.4
"RS",2020,31.2,29,56.6,14.4,20,6506,22.4,60.1,13423.6,NA,NA,NA
"RS",2021,30.6,30.4,55.1,14.5,19.1,6845,21.4,54.1,14930.4,20.6,19.7,20
"RS",2022,30.6,29.5,56.6,13.9,15.4,7411,20.2,50.7,16138.5,NA,NA,NA
"RS",2023,30.1,29.9,56.8,13.4,15.2,7752,19.9,57,18600,NA,NA,NA
"RS",2024,30.2,29.5,55.7,14.7,14.9,8971,19.7,46.8,20593.1,24,16.8,15.7
"RS",2025,30.1,28.5,56.7,14.8,15.1,11570,19.6,34.9,21589.7,NA,NA,NA
"SE",2009,20.4,37.9,45.2,16.9,9.9,18142,14.4,50.7,30274.4,17,17.3,26.8
"SE",2010,20.3,37.7,45.7,16.6,8.3,17558,14.8,41.9,31764,17.7,17.1,27.6
"SE",2011,20.3,36.6,46.6,16.8,7.9,18031,15.4,45.8,33037.9,17.6,15,27.9
"SE",2012,19.9,36.7,45.2,18.1,8.4,18950,15.2,42.1,33390.9,20.5,15.8,27.6
"SE",2013,19.6,35.4,44.7,19.9,7.9,20028,16,41,33278.6,16.8,15.8,27.4
"SE",2014,20.8,34.2,45.3,20.5,7.8,19529,15.6,42.3,33570.2,19.1,14.7,28.8
"SE",2015,19.7,33.8,44.5,21.7,7.4,20154,16.3,39.9,35062,16.6,12.9,28.1
"SE",2016,20.7,33.8,43.5,22.6,7.1,20955,16.2,38.7,34881.8,14.1,11.4,27.2
"SE",2017,21,34.8,42.4,22.8,6.8,20237,15.8,38.8,35296.2,14.7,10.4,26.9
"SE",2018,18.4,35.7,41.5,22.7,6.9,20414,16.4,37,35915.6,10.7,9.7,25.9
"SE",2019,17.8,36,40.7,23.3,6.3,20413,17.1,41.2,36994.5,14,11.3,26.3
"SE",2020,17.5,36.8,39.7,23.5,7.2,20083,16.1,38.1,36665.9,15.5,13,31.9
"SE",2021,22,39,38.7,22.2,6.1,20673,15.7,40.6,39670.2,11.6,14,32.1
"SE",2022,21.6,38.8,39.1,22,5.6,20608,16,42.8,40905.8,14.8,12.6,25
"SE",2023,21.8,38.5,39.1,22.4,5.7,22290,16.1,47.4,42508.5,13,13.7,25.2
"SE",2024,21.9,38.5,38.7,22.7,6.3,23693,14.8,47.7,44772.2,16.9,14.6,27.7
"SE",2025,23.1,38.6,39.1,22.3,5.9,24826,15.6,46.8,46343.6,17.3,15.3,29.3
"SI",2002,30.2,30.6,62.8,6.6,10.1,NA,10,NA,16396.4,NA,NA,NA
"SI",2003,30.6,29.4,61.7,8.9,9,NA,NA,NA,17172,NA,NA,NA
"SI",2004,30.8,29.3,60.9,9.8,8.2,NA,NA,NA,18456.2,NA,NA,NA
"SI",2005,29.4,29.1,60.7,10.1,9.7,11577,12.2,14.7,19395.4,NA,NA,NA
"SI",2006,29.7,29,60.3,10.8,9.7,12153,11.6,16.3,20325,NA,NA,NA
"SI",2007,30,27.3,60.9,11.8,8.2,12922,11.5,22.2,21679.8,NA,NA,NA
"SI",2008,30,26.9,61,12.1,7.5,13812,12.3,21.1,22855.5,NA,NA,NA
"SI",2009,29.9,27.6,60.3,12.1,9.3,14331,11.3,21.7,20535.6,NA,NA,NA
"SI",2010,29.5,28.4,59.4,12.3,9.4,13349,12.7,20.6,20877.2,NA,NA,NA
"SI",2011,29.2,27.6,59.2,13.2,9.4,13940,13.6,22.5,21398.9,NA,NA,NA
"SI",2012,29.1,27.1,58.3,14.6,11.8,14271,13.5,26,21261.9,NA,NA,NA
"SI",2013,28.8,27,56.6,16.4,12.9,14212,14.5,26.3,21394.3,NA,NA,NA
"SI",2014,28.6,27.8,55.6,16.7,12.9,14328,14.5,29.4,21914.4,NA,NA,NA
"SI",2015,28.2,27.9,53.8,18.3,12.3,15102,14.3,27.7,22534.2,NA,NA,NA
"SI",2016,28.2,29.2,51,19.7,10.9,15250,13.9,28.3,23327.5,NA,NA,NA
"SI",2017,28.3,29.6,50.9,19.5,9.3,15245,13.3,26.7,24858,NA,NA,NA
"SI",2018,28.2,29.3,52.3,18.4,8.8,15771,13.3,24,26214.2,NA,NA,NA
"SI",2019,27.7,28.6,52,19.4,8.8,16633,12,21.9,27550.6,NA,NA,NA
"SI",2020,27.5,28.5,52,19.5,9.2,16988,12.4,23.1,26676.9,NA,NA,NA
"SI",2021,29.6,27.7,52.3,20,7.3,17579,11.7,20.9,29298,NA,NA,NA
"SI",2022,29.4,28.9,51.4,19.6,8.4,18792,12.1,23.1,32351.9,NA,NA,NA
"SI",2023,29.1,31.7,49.8,18.5,7.8,20273,12.7,20.6,35110.5,NA,NA,NA
"SI",2024,28.9,32,48.9,19.1,7.6,21572,13.2,20.6,36150.6,NA,NA,NA
"SI",2025,28.8,33.9,47.8,18.3,7.6,22635,14.3,18.7,38052.2,NA,NA,NA
"SK",2003,29.7,31,62.5,6.5,21.4,NA,NA,NA,11557.1,NA,NA,NA
"SK",2004,29.5,32.4,60.5,7,21.2,NA,NA,NA,12370.2,NA,NA,NA
"SK",2005,29.9,32.9,59.3,7.9,20.2,3990,13.3,55.5,13537,NA,NA,NA
"SK",2006,29.9,31.7,60,8.3,18.1,4620,11.6,57.7,14984.6,NA,NA,NA
"SK",2007,30.2,31.4,59.7,8.9,16.9,5608,10.6,50.9,16696.1,NA,NA,NA
"SK",2008,30.4,30.8,59.5,9.7,15.3,6763,10.9,26.3,18312.5,NA,NA,NA
"SK",2009,30.6,30.4,58.1,11.4,17.3,7852,11,40.5,17320.9,NA,NA,NA
"SK",2010,30.6,30.8,55.8,13.3,19,8360,12,35.2,19079.4,NA,NA,NA
"SK",2011,30.8,30.6,54.6,14.8,18.7,8975,13,38.4,19526.4,NA,NA,NA
"SK",2012,30.9,29.6,53.8,16.6,18.8,9799,13.2,36.3,19960.2,NA,NA,NA
"SK",2013,30.7,29.8,52.8,17.4,19,9572,12.8,36.2,20266.5,NA,NA,NA
"SK",2014,30.8,30.1,52.7,17.2,18.2,9806,12.6,36.4,20863.6,NA,NA,NA
"SK",2015,30.9,29.6,52.4,18,17.2,10220,12.3,34.5,21683.1,NA,NA,NA
"SK",2016,31,30.1,51,18.9,15.9,10466,12.7,35.6,20747.7,NA,NA,NA
"SK",2017,30.8,31.8,49,19.2,16,9605,12.4,38.9,20778.3,NA,NA,NA
"SK",2018,30.9,31.5,48.9,19.6,14.6,9744,12.2,24.4,21370.9,NA,NA,NA
"SK",2019,30.9,31.8,47.8,20.4,14.5,10503,11.9,26.8,22107.4,NA,NA,NA
"SK",2020,30.9,31.7,48.5,19.8,15.2,10076,11.4,22.5,22561.3,NA,NA,NA
"SK",2021,30.9,33.1,47.6,19.2,14.2,9425,12.3,32.4,24479.7,NA,NA,NA
"SK",2022,30.8,33.3,47.2,19.5,12.3,9826,13.7,14.5,25517.5,NA,NA,NA
"SK",2023,31,34,46.7,19.4,11.2,10670,14.3,34.1,28487.6,NA,NA,NA
"SK",2024,30.9,35.2,46.7,18.2,10.7,11433,14.5,35.5,29808.2,NA,NA,NA
"SK",2025,30.9,36.8,45.5,17.7,11.1,15333,12.2,15.4,31138.8,NA,NA,NA
"TR",2006,26.5,63.1,29.3,7.6,40.4,3527,26.7,26.4,10896.3,NA,NA,NA
"TR",2007,26.6,61.6,30.1,8.3,40.8,4057,24.7,16.9,11805,NA,NA,NA
"TR",2008,26.5,62.1,28.7,9.2,39.2,4143,24.7,16.5,12526.6,NA,NA,NA
"TR",2009,26.6,64.1,26.4,9.5,38.1,4471,25.3,19.2,11746.5,NA,NA,NA
"TR",2010,26.8,64.2,25.6,10.3,35.2,4347,24.4,19,13223.2,NA,NA,NA
"TR",2011,27,63.5,25.3,11.2,32.7,4766,23.5,19.4,14693.2,NA,NA,NA
"TR",2012,27.2,61.7,25.7,12.5,31.7,5186,23.7,16.9,15315.2,15.9,13.3,26.4
"TR",2013,27.3,60.8,25.9,13.3,29.3,5271,23.1,20.4,16197.4,15.2,14.3,15.6
"TR",2014,27.6,60.8,24.8,14.4,28.4,5456,23,19.8,17146.3,14.5,15.5,15.6
"TR",2015,27.3,59.2,25,15.8,27.9,5661,22.5,20.5,18149,18.3,16,17.4
"TR",2016,27.4,57.3,25.4,17.3,27.8,6501,22.8,20.4,17963.7,23.7,17.2,14.7
"TR",2017,27.4,56,25.9,18.1,27.5,6527,22.2,19.3,18744.7,12.5,17.8,14.9
"TR",2018,27.5,54.4,26.8,18.8,27.6,6466,22.2,19.7,18609.6,23.2,17.9,13.8
"TR",2019,27.5,52.4,27.9,19.7,29.5,6781,22.4,23.3,18077.9,23.4,22.1,15.5
"TR",2020,27.8,50.4,28.8,20.8,32,6620,23,23.9,17889,27.6,21.7,21.7
"TR",2021,28.2,47,31.3,21.6,28.4,6254,22.4,25.5,19620.1,24.9,20,18.6
"TR",2022,28.1,44.3,33.5,22.1,27.2,6852,22.4,24.4,23418.1,15.4,17.6,16.6
"TR",2023,28.1,42.1,35.4,22.4,25.8,7100,20.7,27.9,25721.4,15.5,15.7,14
"TR",2024,28.2,39.9,36.8,23.2,25.9,9527,22.2,26.5,27621.2,19.4,14.6,18.6
"UK",2000,23.3,29.7,48.9,21.3,12.5,13841,19,NA,21945.1,8.9,9,14.3
"UK",2001,23.4,29.3,49,21.6,12.6,14977,18,NA,22953.7,6.7,7.8,9.9
"UK",2002,23.3,27.9,50.1,22,12.6,NA,18,NA,23775.1,8.8,8.5,12.2
"UK",2003,23.4,25.9,52.9,21.2,9.6,NA,NA,NA,24856.8,6.3,8.6,12.9
"UK",2004,23.6,27,51.6,21.4,8.9,NA,NA,NA,26106,10.6,8.2,11.1
"UK",2005,23.5,25.7,52.8,21.5,8.9,16894,19,46.4,26692,7.5,9.4,12.8
"UK",2006,23.6,24.9,53.2,21.9,8.9,17630,19,47.4,27600.6,7.7,10.4,12.8
"UK",2007,23.6,25.2,52.5,22.3,12.9,18778,18.6,45.5,28074.8,6.8,10.4,13
"UK",2008,23.8,24.6,52.8,22.6,13.1,18543,18.7,46.7,28429.9,5.5,11.3,13.5
"UK",2009,23.9,23.7,52.8,23.5,14.4,16819,17.3,53.5,26455.4,6.7,14.8,16.6
"UK",2010,23.9,22.2,53.1,24.7,14.6,15869,17.1,54.9,27580.1,7.7,15.1,17.4
"UK",2011,23.5,22.1,52.3,25.6,15.4,15776,16.2,52.8,27687.2,9.3,16.2,17.6
"UK",2012,23.9,20.3,53.4,26.3,15.3,16447,16,26,28280.7,11.7,15.9,17
"UK",2013,24.1,20.1,53.2,26.6,14.6,16767,15.9,27,28832.6,10.4,15.2,18.4
"UK",2014,24.3,19.1,53.3,27.6,13.4,16896,16.8,41.7,29596.5,6.9,12.5,16.7
"UK",2015,24.4,17.9,53.1,28.9,12.7,17782,16.6,40,30610.3,7.6,10.6,15.1
"UK",2016,24.3,18.4,52.2,29.3,12.3,17296,15.9,42.4,30651.7,6.2,9.4,12.3
"UK",2017,24.4,18.3,52.2,29.5,11.4,18040,17,40.8,31430,6.1,8.3,12.1
"UK",2018,24.7,17.9,51.7,30.4,11.7,18423,18.6,50.3,31789.2,7.8,7.8,11.5
"UK",2019,24.6,17.7,51.2,31.1,11.4,NA,NA,NA,32245.8,5.8,7.5,10.8
